{
  "DELETE User" : {
    "transaction" : "DELETE User",
    "sampleCount" : 2292,
    "errorCount" : 0,
    "errorPct" : 0.0,
    "meanResTime" : 37.431064572425825,
    "medianResTime" : 37.0,
    "minResTime" : 32.0,
    "maxResTime" : 113.0,
    "pct1ResTime" : 41.0,
    "pct2ResTime" : 44.0,
    "pct3ResTime" : 57.0,
    "throughput" : 19.40711763659918,
    "receivedKBytesPerSec" : 3.9989275598851832,
    "sentKBytesPerSec" : 3.830250762588801
  },
  "POST Create CoverPhotos" : {
    "transaction" : "POST Create CoverPhotos",
    "sampleCount" : 2308,
    "errorCount" : 0,
    "errorPct" : 0.0,
    "meanResTime" : 41.45450606585779,
    "medianResTime" : 40.0,
    "minResTime" : 34.0,
    "maxResTime" : 134.0,
    "pct1ResTime" : 48.0,
    "pct2ResTime" : 54.0,
    "pct3ResTime" : 71.0,
    "throughput" : 19.466279815120945,
    "receivedKBytesPerSec" : 5.708694908446072,
    "sentKBytesPerSec" : 5.1193837031054965
  },
  "PUT Update Activity" : {
    "transaction" : "PUT Update Activity",
    "sampleCount" : 2305,
    "errorCount" : 0,
    "errorPct" : 0.0,
    "meanResTime" : 38.658568329718015,
    "medianResTime" : 37.0,
    "minResTime" : 32.0,
    "maxResTime" : 118.0,
    "pct1ResTime" : 44.0,
    "pct2ResTime" : 49.0,
    "pct3ResTime" : 66.0,
    "throughput" : 19.48535006001995,
    "receivedKBytesPerSec" : 6.45451395199672,
    "sentKBytesPerSec" : 6.018753460657345
  },
  "DELETE CoverPhoto" : {
    "transaction" : "DELETE CoverPhoto",
    "sampleCount" : 2294,
    "errorCount" : 0,
    "errorPct" : 0.0,
    "meanResTime" : 37.426329555361804,
    "medianResTime" : 37.0,
    "minResTime" : 32.0,
    "maxResTime" : 88.0,
    "pct1ResTime" : 41.0,
    "pct2ResTime" : 44.0,
    "pct3ResTime" : 54.0,
    "throughput" : 19.416489627328666,
    "receivedKBytesPerSec" : 4.0008587025062,
    "sentKBytesPerSec" : 3.9458672908537666
  },
  "GET Book" : {
    "transaction" : "GET Book",
    "sampleCount" : 2310,
    "errorCount" : 0,
    "errorPct" : 0.0,
    "meanResTime" : 46.24891774891779,
    "medianResTime" : 45.0,
    "minResTime" : 36.0,
    "maxResTime" : 163.0,
    "pct1ResTime" : 53.0,
    "pct2ResTime" : 56.0,
    "pct3ResTime" : 72.0,
    "throughput" : 19.448045934432304,
    "receivedKBytesPerSec" : 14.513444658838337,
    "sentKBytesPerSec" : 3.4205010476477122
  },
  "GET All Authors" : {
    "transaction" : "GET All Authors",
    "sampleCount" : 2312,
    "errorCount" : 0,
    "errorPct" : 0.0,
    "meanResTime" : 88.52249134948089,
    "medianResTime" : 80.0,
    "minResTime" : 65.0,
    "maxResTime" : 157.0,
    "pct1ResTime" : 112.0,
    "pct2ResTime" : 115.0,
    "pct3ResTime" : 124.0,
    "throughput" : 19.34080642462774,
    "receivedKBytesPerSec" : 897.4833459903589,
    "sentKBytesPerSec" : 3.3997511293290947
  },
  "GET Author By Book" : {
    "transaction" : "GET Author By Book",
    "sampleCount" : 2310,
    "errorCount" : 0,
    "errorPct" : 0.0,
    "meanResTime" : 38.90000000000006,
    "medianResTime" : 38.0,
    "minResTime" : 33.0,
    "maxResTime" : 122.0,
    "pct1ResTime" : 44.0,
    "pct2ResTime" : 48.0,
    "pct3ResTime" : 62.0,
    "throughput" : 19.448045934432304,
    "receivedKBytesPerSec" : 9.128308167337385,
    "sentKBytesPerSec" : 3.4964699770790886
  },
  "GET User" : {
    "transaction" : "GET User",
    "sampleCount" : 2310,
    "errorCount" : 0,
    "errorPct" : 0.0,
    "meanResTime" : 37.8450216450216,
    "medianResTime" : 37.0,
    "minResTime" : 32.0,
    "maxResTime" : 115.0,
    "pct1ResTime" : 42.0,
    "pct2ResTime" : 46.0,
    "pct3ResTime" : 57.0,
    "throughput" : 19.448700894135083,
    "receivedKBytesPerSec" : 5.893488171338003,
    "sentKBytesPerSec" : 3.420616241243875
  },
  "GET Author" : {
    "transaction" : "GET Author",
    "sampleCount" : 2310,
    "errorCount" : 0,
    "errorPct" : 0.0,
    "meanResTime" : 39.23549783549787,
    "medianResTime" : 38.0,
    "minResTime" : 33.0,
    "maxResTime" : 124.0,
    "pct1ResTime" : 45.0,
    "pct2ResTime" : 49.0,
    "pct3ResTime" : 64.0,
    "throughput" : 19.44788220139924,
    "receivedKBytesPerSec" : 6.273081534298992,
    "sentKBytesPerSec" : 3.4584563953855483
  },
  "POST Create Users" : {
    "transaction" : "POST Create Users",
    "sampleCount" : 2308,
    "errorCount" : 0,
    "errorPct" : 0.0,
    "meanResTime" : 38.40944540727901,
    "medianResTime" : 37.0,
    "minResTime" : 32.0,
    "maxResTime" : 95.0,
    "pct1ResTime" : 43.0,
    "pct2ResTime" : 48.0,
    "pct3ResTime" : 64.0,
    "throughput" : 19.46989252754298,
    "receivedKBytesPerSec" : 5.956930745010207,
    "sentKBytesPerSec" : 5.1393473673887735
  },
  "PUT Update CoverPhotos" : {
    "transaction" : "PUT Update CoverPhotos",
    "sampleCount" : 2304,
    "errorCount" : 0,
    "errorPct" : 0.0,
    "meanResTime" : 41.19270833333324,
    "medianResTime" : 39.0,
    "minResTime" : 34.0,
    "maxResTime" : 138.0,
    "pct1ResTime" : 47.0,
    "pct2ResTime" : 52.0,
    "pct3ResTime" : 70.94999999999982,
    "throughput" : 19.47870784474523,
    "receivedKBytesPerSec" : 5.7123494341959535,
    "sentKBytesPerSec" : 5.14358308040885
  },
  "PUT Update Users" : {
    "transaction" : "PUT Update Users",
    "sampleCount" : 2303,
    "errorCount" : 0,
    "errorPct" : 0.0,
    "meanResTime" : 38.27051671732525,
    "medianResTime" : 37.0,
    "minResTime" : 32.0,
    "maxResTime" : 98.0,
    "pct1ResTime" : 43.0,
    "pct2ResTime" : 47.0,
    "pct3ResTime" : 60.0,
    "throughput" : 19.4715704924963,
    "receivedKBytesPerSec" : 5.957456470619319,
    "sentKBytesPerSec" : 5.160716880680617
  },
  "GET CoverPhoto" : {
    "transaction" : "GET CoverPhoto",
    "sampleCount" : 2310,
    "errorCount" : 0,
    "errorPct" : 0.0,
    "meanResTime" : 38.340692640692566,
    "medianResTime" : 37.0,
    "minResTime" : 33.0,
    "maxResTime" : 97.0,
    "pct1ResTime" : 43.0,
    "pct2ResTime" : 47.0,
    "pct3ResTime" : 57.88999999999987,
    "throughput" : 19.448537150073665,
    "receivedKBytesPerSec" : 6.769002578404546,
    "sentKBytesPerSec" : 3.5345437144811616
  },
  "DELETE Author" : {
    "transaction" : "DELETE Author",
    "sampleCount" : 2298,
    "errorCount" : 0,
    "errorPct" : 0.0,
    "meanResTime" : 37.32898172323758,
    "medianResTime" : 37.0,
    "minResTime" : 32.0,
    "maxResTime" : 81.0,
    "pct1ResTime" : 41.0,
    "pct2ResTime" : 44.0,
    "pct3ResTime" : 53.0,
    "throughput" : 19.444091889833736,
    "receivedKBytesPerSec" : 4.006546278080974,
    "sentKBytesPerSec" : 3.87551990787748
  },
  "POST Create Activity" : {
    "transaction" : "POST Create Activity",
    "sampleCount" : 2308,
    "errorCount" : 0,
    "errorPct" : 0.0,
    "meanResTime" : 38.690641247833526,
    "medianResTime" : 37.0,
    "minResTime" : 33.0,
    "maxResTime" : 134.0,
    "pct1ResTime" : 44.0,
    "pct2ResTime" : 49.0,
    "pct3ResTime" : 66.90999999999985,
    "throughput" : 19.464638116281815,
    "receivedKBytesPerSec" : 6.447648198593283,
    "sentKBytesPerSec" : 5.991445742742928
  },
  "GET All Activities" : {
    "transaction" : "GET All Activities",
    "sampleCount" : 2315,
    "errorCount" : 0,
    "errorPct" : 0.0,
    "meanResTime" : 72.67688984881215,
    "medianResTime" : 71.0,
    "minResTime" : 63.0,
    "maxResTime" : 157.0,
    "pct1ResTime" : 78.0,
    "pct2ResTime" : 83.19999999999982,
    "pct3ResTime" : 124.84000000000015,
    "throughput" : 19.332425864531054,
    "receivedKBytesPerSec" : 58.62659920499052,
    "sentKBytesPerSec" : 3.4549159503995925
  },
  "GET All Books" : {
    "transaction" : "GET All Books",
    "sampleCount" : 2311,
    "errorCount" : 0,
    "errorPct" : 0.0,
    "meanResTime" : 84.73734314149692,
    "medianResTime" : 82.0,
    "minResTime" : 69.0,
    "maxResTime" : 348.0,
    "pct1ResTime" : 93.0,
    "pct2ResTime" : 99.0,
    "pct3ResTime" : 126.52000000000044,
    "throughput" : 19.359811009374134,
    "receivedKBytesPerSec" : 1929.9941202218295,
    "sentKBytesPerSec" : 3.3652796481138636
  },
  "PUT Update Authors" : {
    "transaction" : "PUT Update Authors",
    "sampleCount" : 2305,
    "errorCount" : 0,
    "errorPct" : 0.0,
    "meanResTime" : 38.504555314533526,
    "medianResTime" : 37.0,
    "minResTime" : 32.0,
    "maxResTime" : 126.0,
    "pct1ResTime" : 43.0,
    "pct2ResTime" : 49.0,
    "pct3ResTime" : 66.94000000000005,
    "throughput" : 19.486338428242934,
    "receivedKBytesPerSec" : 6.1142068907031994,
    "sentKBytesPerSec" : 5.450068767541932
  },
  "DELETE Activity" : {
    "transaction" : "DELETE Activity",
    "sampleCount" : 2298,
    "errorCount" : 0,
    "errorPct" : 0.0,
    "meanResTime" : 37.40687554395128,
    "medianResTime" : 37.0,
    "minResTime" : 32.0,
    "maxResTime" : 77.0,
    "pct1ResTime" : 41.0,
    "pct2ResTime" : 44.0,
    "pct3ResTime" : 55.00999999999976,
    "throughput" : 19.443762850398098,
    "receivedKBytesPerSec" : 4.006478477962889,
    "sentKBytesPerSec" : 3.9324184740072936
  },
  "DELETE Book" : {
    "transaction" : "DELETE Book",
    "sampleCount" : 2289,
    "errorCount" : 0,
    "errorPct" : 0.0,
    "meanResTime" : 37.32983835736129,
    "medianResTime" : 37.0,
    "minResTime" : 32.0,
    "maxResTime" : 96.0,
    "pct1ResTime" : 41.0,
    "pct2ResTime" : 44.0,
    "pct3ResTime" : 56.0,
    "throughput" : 19.389760444549857,
    "receivedKBytesPerSec" : 3.995351029101582,
    "sentKBytesPerSec" : 3.8268275712186153
  },
  "POST Create Books" : {
    "transaction" : "POST Create Books",
    "sampleCount" : 2307,
    "errorCount" : 0,
    "errorPct" : 0.0,
    "meanResTime" : 38.539228435197195,
    "medianResTime" : 37.0,
    "minResTime" : 32.0,
    "maxResTime" : 119.0,
    "pct1ResTime" : 43.0,
    "pct2ResTime" : 48.0,
    "pct3ResTime" : 67.92000000000007,
    "throughput" : 19.475257053132754,
    "receivedKBytesPerSec" : 7.483871195381486,
    "sentKBytesPerSec" : 6.951344635334887
  },
  "PUT Update Books" : {
    "transaction" : "PUT Update Books",
    "sampleCount" : 2302,
    "errorCount" : 0,
    "errorPct" : 0.0,
    "meanResTime" : 38.5304083405734,
    "medianResTime" : 37.0,
    "minResTime" : 32.0,
    "maxResTime" : 131.0,
    "pct1ResTime" : 44.0,
    "pct2ResTime" : 48.0,
    "pct3ResTime" : 66.9699999999998,
    "throughput" : 19.464267595630265,
    "receivedKBytesPerSec" : 7.479668792488247,
    "sentKBytesPerSec" : 6.968349955186525
  },
  "GET Cover By Book" : {
    "transaction" : "GET Cover By Book",
    "sampleCount" : 2310,
    "errorCount" : 0,
    "errorPct" : 0.0,
    "meanResTime" : 38.696969696969695,
    "medianResTime" : 37.0,
    "minResTime" : 32.0,
    "maxResTime" : 134.0,
    "pct1ResTime" : 43.0,
    "pct2ResTime" : 48.0,
    "pct3ResTime" : 64.0,
    "throughput" : 19.44886464095375,
    "receivedKBytesPerSec" : 6.8071026243338135,
    "sentKBytesPerSec" : 3.477624136483039
  },
  "GET Activity" : {
    "transaction" : "GET Activity",
    "sampleCount" : 2310,
    "errorCount" : 0,
    "errorPct" : 0.0,
    "meanResTime" : 37.885281385281345,
    "medianResTime" : 37.0,
    "minResTime" : 32.0,
    "maxResTime" : 130.0,
    "pct1ResTime" : 42.0,
    "pct2ResTime" : 46.44999999999982,
    "pct3ResTime" : 60.88999999999987,
    "throughput" : 19.447554743603774,
    "receivedKBytesPerSec" : 6.677097386682213,
    "sentKBytesPerSec" : 3.5153734209385337
  },
  "GET All Users" : {
    "transaction" : "GET All Users",
    "sampleCount" : 2311,
    "errorCount" : 0,
    "errorPct" : 0.0,
    "meanResTime" : 37.60017308524447,
    "medianResTime" : 37.0,
    "minResTime" : 32.0,
    "maxResTime" : 97.0,
    "pct1ResTime" : 41.0,
    "pct2ResTime" : 45.0,
    "pct3ResTime" : 58.88000000000011,
    "throughput" : 19.365651317719024,
    "receivedKBytesPerSec" : 14.82682679012863,
    "sentKBytesPerSec" : 3.366294857962878
  },
  "GET All CoverPhotos" : {
    "transaction" : "GET All CoverPhotos",
    "sampleCount" : 2312,
    "errorCount" : 0,
    "errorPct" : 0.0,
    "meanResTime" : 40.11548442906578,
    "medianResTime" : 39.0,
    "minResTime" : 33.0,
    "maxResTime" : 105.0,
    "pct1ResTime" : 46.0,
    "pct2ResTime" : 51.0,
    "pct3ResTime" : 67.86999999999989,
    "throughput" : 19.35375858027792,
    "receivedKBytesPerSec" : 391.9703117152185,
    "sentKBytesPerSec" : 3.4776284948936884
  },
  "Total" : {
    "transaction" : "Total",
    "sampleCount" : 62260,
    "errorCount" : 0,
    "errorPct" : 0.0,
    "meanResTime" : 43.66697719241853,
    "medianResTime" : 38.0,
    "minResTime" : 32.0,
    "maxResTime" : 348.0,
    "pct1ResTime" : 69.0,
    "pct2ResTime" : 80.0,
    "pct3ResTime" : 108.0,
    "throughput" : 519.9295180672585,
    "receivedKBytesPerSec" : 3422.359974310421,
    "sentKBytesPerSec" : 117.02892184929476
  },
  "POST Create Authors" : {
    "transaction" : "POST Create Authors",
    "sampleCount" : 2308,
    "errorCount" : 0,
    "errorPct" : 0.0,
    "meanResTime" : 38.61698440207974,
    "medianResTime" : 37.0,
    "minResTime" : 32.0,
    "maxResTime" : 122.0,
    "pct1ResTime" : 44.0,
    "pct2ResTime" : 49.0,
    "pct3ResTime" : 63.909999999999854,
    "throughput" : 19.465787276392252,
    "receivedKBytesPerSec" : 6.107751181821249,
    "sentKBytesPerSec" : 5.423407097885584
  }
}