{
  "DELETE User" : {
    "transaction" : "DELETE User",
    "sampleCount" : 60,
    "errorCount" : 0,
    "errorPct" : 0.0,
    "meanResTime" : 36.81666666666666,
    "medianResTime" : 36.0,
    "minResTime" : 33.0,
    "maxResTime" : 44.0,
    "pct1ResTime" : 39.9,
    "pct2ResTime" : 41.949999999999996,
    "pct3ResTime" : 44.0,
    "throughput" : 12.78772378516624,
    "receivedKBytesPerSec" : 2.6349704283887467,
    "sentKBytesPerSec" : 2.523827125959079
  },
  "POST Create CoverPhotos" : {
    "transaction" : "POST Create CoverPhotos",
    "sampleCount" : 60,
    "errorCount" : 0,
    "errorPct" : 0.0,
    "meanResTime" : 39.54999999999999,
    "medianResTime" : 39.5,
    "minResTime" : 34.0,
    "maxResTime" : 48.0,
    "pct1ResTime" : 43.0,
    "pct2ResTime" : 45.949999999999996,
    "pct3ResTime" : 48.0,
    "throughput" : 12.78772378516624,
    "receivedKBytesPerSec" : 3.7501498561381075,
    "sentKBytesPerSec" : 3.3630214993606136
  },
  "PUT Update Activity" : {
    "transaction" : "PUT Update Activity",
    "sampleCount" : 60,
    "errorCount" : 0,
    "errorPct" : 0.0,
    "meanResTime" : 37.26666666666666,
    "medianResTime" : 37.0,
    "minResTime" : 33.0,
    "maxResTime" : 48.0,
    "pct1ResTime" : 40.0,
    "pct2ResTime" : 44.84999999999999,
    "pct3ResTime" : 48.0,
    "throughput" : 12.790449797484545,
    "receivedKBytesPerSec" : 4.236836495416756,
    "sentKBytesPerSec" : 3.950800069281603
  },
  "DELETE CoverPhoto" : {
    "transaction" : "DELETE CoverPhoto",
    "sampleCount" : 60,
    "errorCount" : 0,
    "errorPct" : 0.0,
    "meanResTime" : 36.650000000000006,
    "medianResTime" : 36.0,
    "minResTime" : 33.0,
    "maxResTime" : 42.0,
    "pct1ResTime" : 39.0,
    "pct2ResTime" : 40.949999999999996,
    "pct3ResTime" : 42.0,
    "throughput" : 12.793176972281449,
    "receivedKBytesPerSec" : 2.6360940831556503,
    "sentKBytesPerSec" : 2.5998634061833688
  },
  "GET Book" : {
    "transaction" : "GET Book",
    "sampleCount" : 60,
    "errorCount" : 0,
    "errorPct" : 0.0,
    "meanResTime" : 43.483333333333334,
    "medianResTime" : 44.0,
    "minResTime" : 38.0,
    "maxResTime" : 52.0,
    "pct1ResTime" : 48.0,
    "pct2ResTime" : 49.0,
    "pct3ResTime" : 52.0,
    "throughput" : 12.78227524499361,
    "receivedKBytesPerSec" : 9.252170323817639,
    "sentKBytesPerSec" : 2.2481325894759268
  },
  "GET All Authors" : {
    "transaction" : "GET All Authors",
    "sampleCount" : 60,
    "errorCount" : 0,
    "errorPct" : 0.0,
    "meanResTime" : 87.3833333333333,
    "medianResTime" : 78.0,
    "minResTime" : 66.0,
    "maxResTime" : 113.0,
    "pct1ResTime" : 110.0,
    "pct2ResTime" : 112.94999999999999,
    "pct3ResTime" : 113.0,
    "throughput" : 12.676949080921192,
    "receivedKBytesPerSec" : 588.69325084513,
    "sentKBytesPerSec" : 2.2283699556306784
  },
  "GET Author By Book" : {
    "transaction" : "GET Author By Book",
    "sampleCount" : 60,
    "errorCount" : 0,
    "errorPct" : 0.0,
    "meanResTime" : 37.766666666666666,
    "medianResTime" : 37.0,
    "minResTime" : 34.0,
    "maxResTime" : 48.0,
    "pct1ResTime" : 41.8,
    "pct2ResTime" : 42.0,
    "pct3ResTime" : 48.0,
    "throughput" : 12.776831345826235,
    "receivedKBytesPerSec" : 5.968136113181432,
    "sentKBytesPerSec" : 2.2970846198892674
  },
  "GET User" : {
    "transaction" : "GET User",
    "sampleCount" : 60,
    "errorCount" : 0,
    "errorPct" : 0.0,
    "meanResTime" : 36.66666666666667,
    "medianResTime" : 36.0,
    "minResTime" : 34.0,
    "maxResTime" : 41.0,
    "pct1ResTime" : 39.0,
    "pct2ResTime" : 40.0,
    "pct3ResTime" : 41.0,
    "throughput" : 12.795905310300704,
    "receivedKBytesPerSec" : 3.8775091970569417,
    "sentKBytesPerSec" : 2.2505298304542545
  },
  "GET Author" : {
    "transaction" : "GET Author",
    "sampleCount" : 60,
    "errorCount" : 0,
    "errorPct" : 0.0,
    "meanResTime" : 37.94999999999998,
    "medianResTime" : 38.0,
    "minResTime" : 34.0,
    "maxResTime" : 49.0,
    "pct1ResTime" : 41.0,
    "pct2ResTime" : 43.89999999999999,
    "pct3ResTime" : 49.0,
    "throughput" : 12.779552715654951,
    "receivedKBytesPerSec" : 4.122154552715655,
    "sentKBytesPerSec" : 2.2726138178913735
  },
  "POST Create Users" : {
    "transaction" : "POST Create Users",
    "sampleCount" : 60,
    "errorCount" : 0,
    "errorPct" : 0.0,
    "meanResTime" : 37.18333333333332,
    "medianResTime" : 36.5,
    "minResTime" : 33.0,
    "maxResTime" : 63.0,
    "pct1ResTime" : 39.9,
    "pct2ResTime" : 40.949999999999996,
    "pct3ResTime" : 63.0,
    "throughput" : 12.793176972281449,
    "receivedKBytesPerSec" : 3.9141624466950957,
    "sentKBytesPerSec" : 3.3769489605543708
  },
  "PUT Update CoverPhotos" : {
    "transaction" : "PUT Update CoverPhotos",
    "sampleCount" : 60,
    "errorCount" : 0,
    "errorPct" : 0.0,
    "meanResTime" : 39.183333333333344,
    "medianResTime" : 38.0,
    "minResTime" : 35.0,
    "maxResTime" : 60.0,
    "pct1ResTime" : 42.9,
    "pct2ResTime" : 48.699999999999974,
    "pct3ResTime" : 60.0,
    "throughput" : 12.784998934583422,
    "receivedKBytesPerSec" : 3.7493507617728534,
    "sentKBytesPerSec" : 3.376038781163435
  },
  "PUT Update Users" : {
    "transaction" : "PUT Update Users",
    "sampleCount" : 60,
    "errorCount" : 0,
    "errorPct" : 0.0,
    "meanResTime" : 37.233333333333334,
    "medianResTime" : 37.0,
    "minResTime" : 33.0,
    "maxResTime" : 57.0,
    "pct1ResTime" : 39.9,
    "pct2ResTime" : 40.949999999999996,
    "pct3ResTime" : 57.0,
    "throughput" : 12.784998934583422,
    "receivedKBytesPerSec" : 3.9116603185595573,
    "sentKBytesPerSec" : 3.3885241316854895
  },
  "GET CoverPhoto" : {
    "transaction" : "GET CoverPhoto",
    "sampleCount" : 60,
    "errorCount" : 0,
    "errorPct" : 0.0,
    "meanResTime" : 37.61666666666666,
    "medianResTime" : 37.0,
    "minResTime" : 34.0,
    "maxResTime" : 45.0,
    "pct1ResTime" : 41.0,
    "pct2ResTime" : 43.0,
    "pct3ResTime" : 45.0,
    "throughput" : 12.793176972281449,
    "receivedKBytesPerSec" : 4.45262526652452,
    "sentKBytesPerSec" : 2.3250099946695095
  },
  "DELETE Author" : {
    "transaction" : "DELETE Author",
    "sampleCount" : 60,
    "errorCount" : 0,
    "errorPct" : 0.0,
    "meanResTime" : 37.050000000000004,
    "medianResTime" : 36.5,
    "minResTime" : 33.0,
    "maxResTime" : 51.0,
    "pct1ResTime" : 40.9,
    "pct2ResTime" : 42.0,
    "pct3ResTime" : 51.0,
    "throughput" : 12.784998934583422,
    "receivedKBytesPerSec" : 2.6344089601534204,
    "sentKBytesPerSec" : 2.548260041551247
  },
  "POST Create Activity" : {
    "transaction" : "POST Create Activity",
    "sampleCount" : 60,
    "errorCount" : 0,
    "errorPct" : 0.0,
    "meanResTime" : 37.03333333333334,
    "medianResTime" : 36.0,
    "minResTime" : 34.0,
    "maxResTime" : 49.0,
    "pct1ResTime" : 40.0,
    "pct2ResTime" : 43.84999999999999,
    "pct3ResTime" : 49.0,
    "throughput" : 12.78227524499361,
    "receivedKBytesPerSec" : 4.234128674904133,
    "sentKBytesPerSec" : 3.9345440988495954
  },
  "GET All Activities" : {
    "transaction" : "GET All Activities",
    "sampleCount" : 60,
    "errorCount" : 0,
    "errorPct" : 0.0,
    "meanResTime" : 72.46666666666668,
    "medianResTime" : 70.0,
    "minResTime" : 65.0,
    "maxResTime" : 118.0,
    "pct1ResTime" : 76.0,
    "pct2ResTime" : 85.69999999999997,
    "pct3ResTime" : 118.0,
    "throughput" : 12.655557899177388,
    "receivedKBytesPerSec" : 38.39305724003375,
    "sentKBytesPerSec" : 2.2616866167475216
  },
  "GET All Books" : {
    "transaction" : "GET All Books",
    "sampleCount" : 60,
    "errorCount" : 0,
    "errorPct" : 0.0,
    "meanResTime" : 80.46666666666668,
    "medianResTime" : 80.0,
    "minResTime" : 71.0,
    "maxResTime" : 93.0,
    "pct1ResTime" : 87.9,
    "pct2ResTime" : 90.89999999999999,
    "pct3ResTime" : 93.0,
    "throughput" : 12.658227848101266,
    "receivedKBytesPerSec" : 1205.4125049446202,
    "sentKBytesPerSec" : 2.2003560126582276
  },
  "PUT Update Authors" : {
    "transaction" : "PUT Update Authors",
    "sampleCount" : 60,
    "errorCount" : 0,
    "errorPct" : 0.0,
    "meanResTime" : 36.96666666666667,
    "medianResTime" : 37.0,
    "minResTime" : 33.0,
    "maxResTime" : 46.0,
    "pct1ResTime" : 39.9,
    "pct2ResTime" : 40.949999999999996,
    "pct3ResTime" : 46.0,
    "throughput" : 12.795905310300704,
    "receivedKBytesPerSec" : 4.014965211132438,
    "sentKBytesPerSec" : 3.578854766474728
  },
  "DELETE Activity" : {
    "transaction" : "DELETE Activity",
    "sampleCount" : 60,
    "errorCount" : 0,
    "errorPct" : 0.0,
    "meanResTime" : 36.550000000000004,
    "medianResTime" : 36.0,
    "minResTime" : 33.0,
    "maxResTime" : 43.0,
    "pct1ResTime" : 39.9,
    "pct2ResTime" : 41.0,
    "pct3ResTime" : 43.0,
    "throughput" : 12.790449797484545,
    "receivedKBytesPerSec" : 2.6355321360051165,
    "sentKBytesPerSec" : 2.586818508846728
  },
  "DELETE Book" : {
    "transaction" : "DELETE Book",
    "sampleCount" : 60,
    "errorCount" : 0,
    "errorPct" : 0.0,
    "meanResTime" : 36.15,
    "medianResTime" : 36.0,
    "minResTime" : 34.0,
    "maxResTime" : 40.0,
    "pct1ResTime" : 38.0,
    "pct2ResTime" : 39.0,
    "pct3ResTime" : 40.0,
    "throughput" : 12.795905310300704,
    "receivedKBytesPerSec" : 2.636656269993602,
    "sentKBytesPerSec" : 2.5254418586052463
  },
  "POST Create Books" : {
    "transaction" : "POST Create Books",
    "sampleCount" : 60,
    "errorCount" : 0,
    "errorPct" : 0.0,
    "meanResTime" : 37.61666666666666,
    "medianResTime" : 36.5,
    "minResTime" : 34.0,
    "maxResTime" : 62.0,
    "pct1ResTime" : 42.699999999999996,
    "pct2ResTime" : 44.0,
    "pct3ResTime" : 62.0,
    "throughput" : 12.79863481228669,
    "receivedKBytesPerSec" : 4.918225389291809,
    "sentKBytesPerSec" : 4.568262718643345
  },
  "PUT Update Books" : {
    "transaction" : "PUT Update Books",
    "sampleCount" : 60,
    "errorCount" : 0,
    "errorPct" : 0.0,
    "meanResTime" : 37.18333333333335,
    "medianResTime" : 37.0,
    "minResTime" : 33.0,
    "maxResTime" : 59.0,
    "pct1ResTime" : 39.9,
    "pct2ResTime" : 40.0,
    "pct3ResTime" : 59.0,
    "throughput" : 12.793176972281449,
    "receivedKBytesPerSec" : 4.916128065031983,
    "sentKBytesPerSec" : 4.580057302771855
  },
  "GET Cover By Book" : {
    "transaction" : "GET Cover By Book",
    "sampleCount" : 60,
    "errorCount" : 0,
    "errorPct" : 0.0,
    "meanResTime" : 37.51666666666666,
    "medianResTime" : 37.0,
    "minResTime" : 33.0,
    "maxResTime" : 48.0,
    "pct1ResTime" : 40.9,
    "pct2ResTime" : 42.949999999999996,
    "pct3ResTime" : 48.0,
    "throughput" : 12.795905310300704,
    "receivedKBytesPerSec" : 4.478566858605246,
    "sentKBytesPerSec" : 2.288017834293026
  },
  "GET Activity" : {
    "transaction" : "GET Activity",
    "sampleCount" : 60,
    "errorCount" : 0,
    "errorPct" : 0.0,
    "meanResTime" : 37.08333333333333,
    "medianResTime" : 36.0,
    "minResTime" : 33.0,
    "maxResTime" : 44.0,
    "pct1ResTime" : 41.9,
    "pct2ResTime" : 43.0,
    "pct3ResTime" : 44.0,
    "throughput" : 12.784998934583422,
    "receivedKBytesPerSec" : 4.389641154378863,
    "sentKBytesPerSec" : 2.311038381632218
  },
  "GET All Users" : {
    "transaction" : "GET All Users",
    "sampleCount" : 60,
    "errorCount" : 0,
    "errorPct" : 0.0,
    "meanResTime" : 36.61666666666666,
    "medianResTime" : 36.0,
    "minResTime" : 33.0,
    "maxResTime" : 46.0,
    "pct1ResTime" : 39.0,
    "pct2ResTime" : 41.0,
    "pct3ResTime" : 46.0,
    "throughput" : 12.78227524499361,
    "receivedKBytesPerSec" : 9.786429484448233,
    "sentKBytesPerSec" : 2.2219189390711547
  },
  "GET All CoverPhotos" : {
    "transaction" : "GET All CoverPhotos",
    "sampleCount" : 60,
    "errorCount" : 0,
    "errorPct" : 0.0,
    "meanResTime" : 38.33333333333334,
    "medianResTime" : 38.0,
    "minResTime" : 34.0,
    "maxResTime" : 47.0,
    "pct1ResTime" : 42.0,
    "pct2ResTime" : 44.84999999999999,
    "pct3ResTime" : 47.0,
    "throughput" : 12.779552715654951,
    "receivedKBytesPerSec" : 258.8233825878594,
    "sentKBytesPerSec" : 2.296325878594249
  },
  "Total" : {
    "transaction" : "Total",
    "sampleCount" : 1620,
    "errorCount" : 0,
    "errorPct" : 0.0,
    "meanResTime" : 42.324691358024744,
    "medianResTime" : 37.0,
    "minResTime" : 33.0,
    "maxResTime" : 118.0,
    "pct1ResTime" : 69.0,
    "pct2ResTime" : 77.0,
    "pct3ResTime" : 105.0,
    "throughput" : 277.4922918807811,
    "receivedKBytesPerSec" : 1776.5995351040597,
    "sentKBytesPerSec" : 62.46687917523124
  },
  "POST Create Authors" : {
    "transaction" : "POST Create Authors",
    "sampleCount" : 60,
    "errorCount" : 0,
    "errorPct" : 0.0,
    "meanResTime" : 36.98333333333334,
    "medianResTime" : 37.0,
    "minResTime" : 33.0,
    "maxResTime" : 44.0,
    "pct1ResTime" : 39.0,
    "pct2ResTime" : 40.89999999999999,
    "pct3ResTime" : 44.0,
    "throughput" : 12.78772378516624,
    "receivedKBytesPerSec" : 4.012398097826087,
    "sentKBytesPerSec" : 3.562829683503836
  }
}